,city_in_israel,star_rate,guests_number,bedroom_number,beds_number,baths_number,price_for_night,cleanliness_rate,communication_rate,check_in_rate,accuracy_rate,location_rate,value_rate,balcony,wifi,tv
0,"Ra'anana , Israel",4.71 ·,2,1,1,1,251,4.8,4.9,4.9,4.8,4.8,4.6,no,yes,yes
1,"Ra'anana, Center District, Israel",4.90 ·,2,1,1,1,280,4.8,5,5,4.9,5,4.8,no,yes,yes
2,"Ra'anana, Center District, Israel",,1,1,1,1,99,Nan,Nan,Nan,Nan,Nan,Nan,no,yes,yes
3,"Herzliya, Tel Aviv District, Israel",4.91 ·,2,1,1,1,245,4.9,4.9,5,5,4.7,4.8,yes,yes,yes
4,"Ra'anana, Center District, Israel",,3,1,2,1,129,Nan,Nan,Nan,Nan,Nan,Nan,no,yes,yes
5,"Ra'anana, Israel",4.66 ·,2,Studio,2,1,295,4.9,4.9,4.8,4.7,4.9,4.6,no,yes,yes
6,"Ra'anana, Center District, Israel",5.0 ·,4,3,2,2,350,4.8,5,5,5,5,5,yes,yes,yes
7,"Ra'anana, Center District, Israel",4.90 ·,6,3,3,2,685,4.8,4.8,4.7,4.9,5,4.9,no,yes,yes
8,"Ra'anana, Center District, Israel",Nan,4,1,1,1,99,Nan,Nan,Nan,Nan,Nan,Nan,no,yes,yes
9,"Ra'anana, Center District, Israel",4.83 ·,2,1,1,1,330,4.8,4.9,4.9,4.9,4.9,4.8,no,yes,yes
10,"Ra'anana, Israel",4.77 ·,2,1,1,1,340,4.8,5,5,4.8,4.8,4.7,no,yes,yes
11,"Bnei Zion, Center District, Israel",4.52 ·,2,1,2,1,200,4.7,4.8,4.9,4.7,4.7,4.6,no,yes,yes
12,"Ra'anana, Center District, Israel",4.92 ·,2,1,2,1,336,5,5,5,4.8,4.9,4.7,no,yes,yes
13,"Herzliya, Tel Aviv District, Israel",4.83 ·,4,1,2,1,348,4.8,4.9,5,4.8,4.6,4.8,no,yes,yes
14,"Ra'anana, Center District, Israel",5.0 ·,2,1,1,1.5,130,5,5,5,5,5,4.9,no,yes,yes
15,"Ra'anana, Israel",4.61 ·,3,1,2,1.5,413,4.5,4.8,4.9,4.6,4.8,4.6,no,yes,yes
16,"Ra'anana, Center District, Israel",,2,1,1,1,200,Nan,Nan,Nan,Nan,Nan,Nan,no,yes,yes
17,"Raanana, Israel, Israel",4.80 ·,3,1,2,1,350,5,5,5,4.9,5,4.7,no,yes,yes
18,"Ra'anana, Center District, Israel",4.63 ·,6,3,3,2,537,Nan,Nan,Nan,Nan,Nan,Nan,no,yes,yes
19,"Ra'anana, Center District, Israel",4.67 ·,2,1,2,1,318,4.7,4.8,5,5,4.8,4.7,no,yes,yes
20,"Ra'anana, Center District, Israel",4.53 ·,4,2,2,1,520,4.9,4.8,4.8,4.6,4.6,4.5,no,yes,yes
21,"Ra'anana, Center District, Israel",4.83 ·,7,3,5,1.5,439,4.8,5,5,4.8,4.9,4.9,no,yes,yes
22,"Ra'anana, Center District, Israel",Nan,2,1,1,1,111,Nan,Nan,Nan,Nan,Nan,Nan,no,yes,yes
23,"Ra'anana, Israel",4.20 ·,3,1,2,1,430,4.3,4.1,4.3,4.1,4.6,3.9,yes,yes,yes
24,"Ra'anana, Center District, Israel",5.0 ·,8,4,4,2,587,5,5,5,5,4.7,4.7,no,yes,yes
25,"Ra'anana, Center District, Israel",4.80 ·,3,1,3,1,330,4.6,5,5,4.8,4.4,4.6,no,yes,yes
26,"Ra'anana, Center District, Israel",4.80 ·,2,1,1,1,220,4.8,4.8,4.8,4.8,4.8,4.8,yes,yes,yes
27,"Ra'anana, Israel, Israel",4.80 ·,2,1,1,1,499,5,5,5,4.6,5,4.6,no,yes,yes
28,"Ra'anana, Center District, Israel",4.95 ·,4,2,2,1,400,5,5,5,5,4.8,4.8,no,yes,yes
29,"Herzliya, Tel Aviv District, Israel",4.94 ·,2,1,1,1,299,5,5,5,4.9,4.9,4.9,no,no,yes
30,"Ra'anana, Center District, Israel",4.89 ·,8,2,8,2,699,4.9,4.8,5,5,4.9,4.8,yes,yes,yes
31,"Ra'anana, Center District, Israel",5.0 ·,2,1,1,1,330,5,5,5,5,5,5,no,yes,yes
32,"Kefar Sava, Center District, Israel",4.64 ·,3,1,2,1,290,4.9,4.9,4.9,4.6,4.7,4.7,yes,yes,yes
33,"Ra'anana, Center District, Israel",5.0 ·,4,2,2,1,442,5,5,5,5,5,4.8,no,yes,yes
34,"Ra'anana, Israel",4.84 ·,2,1,1,1,Nan,4.9,4.9,5,4.9,5,4.9,no,yes,yes
35,"Hod Hasharon, Center District, Israel",4.85 ·,4,1,2,1,225,4.8,5,5,4.8,4.9,4.8,no,yes,yes
36,"Ra'anana, Center District, Israel",4.68 ·,6,4,9,2,700,4.6,4.7,4.9,4.8,4.9,4.3,yes,yes,yes
37,"Herzliya, Tel Aviv District, Israel",4.91 ·,2,1,1,1,320,5,5,5,5,4.9,4.7,no,yes,yes
38,"Ra'anana, Center District, Israel",4.87 ·,4,1,1,1.5,321,5,4.9,4.9,4.8,4.9,4.9,no,yes,yes
39,"Herzliya, Tel Aviv District, Israel",4.60 ·,2,Studio,1,1,200,5,4.6,5,4.4,4.6,4.4,no,yes,yes
40,"Herzliyya, HaSharon, Israel",4.85 ·,2,1,1,1,220,4.9,5,4.9,4.9,4.8,4.8,yes,yes,yes
41,"Herzliyya, Israel",4.61 ·,2,1,1,1,312,4.8,4.9,4.9,4.7,4.5,4.6,no,yes,yes
42,"Herzliya, Tel Aviv District, Israel",4.82 ·,4,1,2,1,390,4.6,4.7,4.8,4.7,4.7,4.5,no,yes,yes
43,"Raanana, Central district, Israel",4.86 ·,1,1,1,2,170,4.4,5,5,5,4.9,4.6,no,yes,yes
44,"Herzliyya, Israel",4.21 ·,2,1,1,1,200,4.4,4.7,4.8,4.5,4.8,4.4,no,yes,yes
45,"Ra'anana, Center District, Israel",,2,1,1,1,281,Nan,Nan,Nan,Nan,Nan,Nan,no,yes,yes
46,"Raanana, Center District, Israel",Nan,2,1,2,1,531,Nan,Nan,Nan,Nan,Nan,Nan,no,yes,yes
47,"Ra'anana, Center District, Israel",4.60 ·,6,2,9,1,419,4.6,5,5,4.6,5,4.6,no,yes,yes
48,"Ra'anana, Center District, Israel",5.0 ·,6,4,5,3,850,4.9,5,5,5,5,4.8,no,yes,yes
49,"Ra'anana, Center District, Israel",4.50 ·,6,3,3,1.5,799,4.4,4.8,4.8,4.5,4.8,4.5,no,yes,yes
50,"Ra'anana, Center District, Israel",,6,2,3,2,500,Nan,Nan,Nan,Nan,Nan,Nan,no,yes,yes
51,"Herzliya, Tel Aviv District, Israel",4.79 ·,4,1,2,1,351,4.8,5,4.9,4.9,4.7,4.7,no,yes,yes
52,"Ra'anana, Center District, Israel",3.50 ·,3,1,1,1,278,4.2,4.5,4.5,4.8,5,3.2,no,yes,yes
53,"Ra'anana, Center District, Israel",,1,6,10,4,750,Nan,Nan,Nan,Nan,Nan,Nan,no,yes,yes
54,"Ramot HaShavim, Center District, Israel",Nan,1,1,1,1,114,Nan,Nan,Nan,Nan,Nan,Nan,no,yes,yes
55,"Ra'anana, Center District, Israel",4.17 ·,8,3,5,2,600,4.3,4.7,4.5,4.8,4.9,4.3,yes,yes,yes
56,"Ra'anana, Center District, Israel",4.81 ·,2,1,2,1.5,236,4.9,4.8,4.8,4.9,4.8,4.8,no,yes,yes
57,"Herzliya, Tel Aviv District, Israel",5.0 ·,2,1,1,1,131,4.9,5,5,5,5,4.9,no,yes,yes
58,"Ra'anana, Center District, Israel",Nan,6,4,4,3,686,Nan,Nan,Nan,Nan,Nan,Nan,no,yes,yes
59,"Ra'Anana, Israel",3.67 ·,3,1,2,1,362,3.7,4.5,5,4.5,5,2.5,no,yes,yes
60,"Herzliya, Tel Aviv District, Israel",4.23 ·,2,1,1,1.5,264,4.6,4.7,4.7,4.3,4.6,4.3,no,yes,yes
61,"Hod Hasharon, Center District, Israel",4.20 ·,4,2,2,1,Nan,4.1,4.9,4.9,4.5,4.9,4,yes,yes,yes
62,"Hertzliya, Israel, Israel",4.85 ·,2,1,1,1,294,4.9,5,5,4.9,4.9,4.8,no,yes,yes
63,"Ra'anana, Center District, Israel",4.17 ·,4,2,3,1,483,4.5,4.3,4.7,4.2,4.3,3.8,no,yes,yes
64,"Ra'anana, Center District, Israel",,4,2,3,2,661,Nan,Nan,Nan,Nan,Nan,Nan,yes,yes,yes
65,"Ra'anana, Center District, Israel",4.96 ·,8,4,7,2.5,664,4.9,5,5,5,5,4.7,no,yes,yes
66,"Herzliya, Tel Aviv District, Israel",4.75 ·,2,1,1,1,155,4.9,5,5,5,5,4.9,no,yes,yes
67,"Ra'anana, Center District, Israel",5.0 ·,4,2,3,1,750,5,5,5,5,5,4.4,no,yes,yes
68,"Rishpon, Center District, Israel",4.89 ·,4,2,3,1.5,420,5,5,5,4.9,4.9,4.9,yes,yes,yes
69,"Rishpon, Center District, Israel",4.92 ·,2,1,1,1,400,4.9,4.9,5,4.9,4.9,4.9,no,yes,yes
70,"Kefar Sava, Center District, Israel",4.64 ·,3,1,1,1.5,290,4.8,5,5,4.9,4.8,4.8,yes,yes,yes
71,"Herzliya, Tel Aviv District, Israel",,2,1,1,1,199,Nan,Nan,Nan,Nan,Nan,Nan,no,yes,yes
72,"Ra'anana, Israel, Israel",,2,1,2,1,619,Nan,Nan,Nan,Nan,Nan,Nan,yes,yes,yes
73,"Hod Hasharon, Center District, Israel",5.0 ·,4,2,2,2.5,506,4.9,4.9,5,4.8,5,5,yes,yes,yes
74,Nan,Nan,Nan,Nan,Nan,Nan,Nan,Nan,Nan,Nan,Nan,Nan,Nan,Nan,Nan,Nan
75,"Ra'anana, Israel",,4,2,3,2,562,Nan,Nan,Nan,Nan,Nan,Nan,yes,yes,yes
76,"Herzliya, Tel Aviv District, Israel",5.0 ·,3,2,2,1.5,500,4.8,5,5,5,5,5,no,yes,yes
77,"Ra'anana, Center District, Israel",4.94 ·,6,4,6,2.5,884,4.9,4.9,5,4.9,4.5,4.8,no,yes,yes
78,"Herzliya, Tel Aviv District, Israel",Nan,2,1,1,3,105,Nan,Nan,Nan,Nan,Nan,Nan,no,yes,yes
79,"Herzliya, Tel Aviv District, Israel",5.0 ·,1,1,1,1,150,5,5,5,5,4.9,4.9,no,yes,yes
80,"Herzliya, Tel Aviv District, Israel",5.0 ·,6,3,4,2.5,531,5,5,5,5,5,5,yes,yes,yes
81,"Ra'anana, Center District, Israel",3.57 ·,5,2,3,1.5,400,3.6,5,5,3.7,4.6,3.6,no,yes,yes
82,"Ra'anana, Center District, Israel",5.0 ·,6,4,5,2.5,Nan,5,5,4.8,5,4.8,4.8,no,yes,yes
83,"Herzliya, Tel Aviv District, Israel",4.75 ·,2,1,1,1,Nan,4.9,5,5,5,5,4.9,no,yes,yes
84,Nan,Nan,Nan,Nan,Nan,Nan,Nan,Nan,Nan,Nan,Nan,Nan,Nan,Nan,Nan,Nan
85,"Herzliya, Tel Aviv District, Israel",4.82 ·,6,3,3,1.5,375,4.8,4.8,4.8,4.8,4.8,4.8,no,yes,yes
86,"Herzliya, Tel Aviv District, Israel",Nan,1,1,1,3,120,Nan,Nan,Nan,Nan,Nan,Nan,no,yes,yes
87,"Herzliya, Tel Aviv District, Israel",5.0 ·,1,1,1,1,150,5,5,5,5,4.9,4.9,no,yes,yes
88,Nan,Nan,Nan,Nan,Nan,Nan,Nan,Nan,Nan,Nan,Nan,Nan,Nan,Nan,Nan,Nan
89,"כפר שמריהו, מחוז תל אביב, Israel",4.96 ·,5,2,2,1,729,4.9,5,5,5,4.9,4.9,no,yes,yes
90,"Herzliya, Tel Aviv District, Israel",5.0 ·,4,2,2,1,300,5,5,4.9,5,5,5,yes,yes,yes
91,Nan,Nan,Nan,Nan,Nan,Nan,Nan,Nan,Nan,Nan,Nan,Nan,Nan,Nan,Nan,Nan
92,"Herzliya, Tel Aviv District, Israel",4.90 ·,2,1,1,1,223,4.9,5,5,5,4.8,4.8,no,yes,yes
93,"Ra'anana, Center District, Israel",Nan,2,Studio,1,1,350,Nan,Nan,Nan,Nan,Nan,Nan,no,yes,yes
94,"כפר סבא, מחוז המרכז, Israel",4.97 ·,3,2,2,2,500,4.9,5,5,4.8,4.8,4.9,no,yes,yes
95,"Arsuf, Center District, Israel",4.92 ·,2,1,1,1,440,4.7,5,5,4.9,4.9,4.8,yes,yes,yes
96,"Ra'anana, Israel",4.29 ·,Nan,Nan,Nan,Nan,469,4.4,4.6,4.6,4.7,5,4,no,yes,yes
97,"Raanana, Israel",5.0 ·,4,2,3,1.5,665,4.8,5,5,5,4.8,4.6,yes,yes,yes
98,"Ra'anana, Center District, Israel",4.89 ·,6,3,6,2,"1,500",4.9,5,5,5,5,4.8,no,yes,yes
99,"Kefar Sava, Center District, Israel",4.75 ·,1,1,1,1,70,5,5,5,5,5,5,no,yes,yes
100,"Sde Warburg, Center District, Israel",4.67 ·,4,1,2,1,159,4.6,4.8,4.9,4.7,4.7,4.8,no,yes,yes
101,"Kefar Sava, Center District, Israel",,4,3,3,2,550,Nan,Nan,Nan,Nan,Nan,Nan,no,yes,yes
102,"Herzliya, Tel Aviv District, Israel",4.67 ·,2,Studio,2,1,225,5,5,5,5,4.7,5,no,yes,yes
103,"Herzliya, Tel Aviv District, Israel",Nan,2,1,1,1,159,Nan,Nan,Nan,Nan,Nan,Nan,no,yes,yes
104,"Herzliya, Tel Aviv District, Israel",3.67 ·,2,1,1,3,105,4.7,3.7,5,4.3,4.7,3.7,no,yes,yes
105,"Herzliya, Center District, Israel",4.89 ·,4,1,2,2,757,4.8,5,4.8,4.9,4.9,4.8,no,yes,yes
106,"Herzliya, Tel Aviv District, Israel",4.59 ·,2,Studio,1,1,205,4.7,4.9,4.8,4.8,5,4.7,no,yes,yes
107,"Kefar Sava, Center District, Israel",4.75 ·,1,1,1,1,70,5,5,5,5,5,5,no,yes,yes
108,"Herzliya, Tel Aviv District, Israel",Nan,3,1,1,1,164,Nan,Nan,Nan,Nan,Nan,Nan,no,yes,yes
109,"Ra'anana, Center District, Israel",4.90 ·,6,3,4,2,570,4.9,4.9,4.9,4.9,4.8,4.6,no,yes,yes
110,"Ra'anana, Center District, Israel",Nan,1,6,5,2.5,960,Nan,Nan,Nan,Nan,Nan,Nan,yes,yes,yes
111,"הרצליה, מחוז תל אביב, Israel",4.97 ·,6,3,7,3,786,4.9,5,5,4.7,5,4.9,no,yes,yes
112,"Ra'anana, Center District, Israel",Nan,8,5,6,2.5,636,Nan,Nan,Nan,Nan,Nan,Nan,no,yes,yes
113,"Ra'anana, Center District, Israel",,4,2,3,2,"1,500",Nan,Nan,Nan,Nan,Nan,Nan,no,yes,yes
114,"Herzliya, Tel Aviv District, Israel",5.0 ·,5,2,2,1.5,550,4.9,5,5,5,5,4.9,yes,yes,yes
115,"Ra'anana, Center District, Israel",Nan,1,5,7,5.5,"2,067",Nan,Nan,Nan,Nan,Nan,Nan,no,yes,yes
116,"Ra'anana, Israel",4.67 ·,4,2,3,1,496,4.7,5,5,5,5,4.3,yes,yes,yes
117,"Ra'anana, Center District, Israel",5.0 ·,8,5,5,2.5,824,5,5,5,5,4.9,4.9,no,yes,yes
118,"Ra'anana, Center District, Israel",,6,3,5,3,660,Nan,Nan,Nan,Nan,Nan,Nan,no,yes,yes
119,"Ra'anana, Center District, Israel",Nan,5,3,3,2,494,Nan,Nan,Nan,Nan,Nan,Nan,no,yes,yes
120,"Herzliya, Tel Aviv District, Israel",5.0 ·,2,1,1,1,260,5,5,5,5,5,5,no,yes,yes
121,"Ra'anana, Center District, Israel",5.0 ·,2,1,1,2,250,5,5,5,5,5,5,no,yes,yes
122,"Arsuf, Center District, Israel",4.89 ·,3,1,2,2,382,4.8,4.9,4.9,4.9,4.8,4.8,yes,yes,yes
123,"Ra'anana, Center District, Israel",4.82 ·,8,3,6,3,250,4.8,4.9,4.9,4.9,4.9,4.8,no,yes,yes
124,"Kefar Sava, Center District, Israel",Nan,6,4,3,2,550,Nan,Nan,Nan,Nan,Nan,Nan,no,yes,yes
125,"Herzliya, Tel Aviv District, Israel",5.0 ·,2,Studio,1,1,205,4.9,5,5,4.6,5,4.9,yes,yes,yes
126,"Herzliya, Tel Aviv District, Israel",4.25 ·,1,1,1,1,120,4.8,4.9,4.9,4.2,4.9,4.2,no,yes,yes
127,"Herzliya, Tel Aviv District, Israel",,1,1,1,1,140,Nan,Nan,Nan,Nan,Nan,Nan,no,yes,yes
128,"Ra'anana, Center District, Israel",5.0 ·,8,5,5,6,"1,100",5,5,5,5,5,5,yes,yes,yes
129,"Ra'anana, Center District, Israel",4.76 ·,4,1,1,1.5,265,4.9,4.9,4.9,4.7,4.8,4.8,no,yes,yes
130,"Kefar Sava, Center District, Israel",4.90 ·,3,1,1,1.5,311,4.9,5,5,4.9,4.9,4.8,yes,yes,yes
131,"Herzliya, Tel Aviv District, Israel",4.94 ·,8,4,4,2.5,380,4.8,5,4.9,4.9,4.8,4.8,yes,yes,yes
132,"Kefar Sava, Center District, Israel",3.60 ·,3,2,3,1,385,4.2,5,4.4,4,3.8,3.6,no,yes,yes
133,"Kefar Sava, Center District, Israel",4.45 ·,4,2,2,Half-bath,301,4.7,4.9,5,4.6,4.7,4.3,no,yes,yes
134,"Ra'anana, Israel",Nan,6,3,4,2,445,Nan,Nan,Nan,Nan,Nan,Nan,no,yes,yes
135,"Herzliya, Tel Aviv District, Israel",5.0 ·,Nan,Nan,Nan,Nan,320,4.7,5,5,5,5,5,no,yes,yes
136,"Hod HaSharon, Israel",4.89 ·,5,3,5,2,429,4.7,5,5,5,4.9,4.9,no,yes,yes
137,"Herzliya, Tel Aviv District, Israel",Nan,4,2,3,1,300,Nan,Nan,Nan,Nan,Nan,Nan,no,yes,yes
138,Nan,Nan,Nan,Nan,Nan,Nan,Nan,Nan,Nan,Nan,Nan,Nan,Nan,Nan,Nan,Nan
139,Nan,Nan,Nan,Nan,Nan,Nan,Nan,Nan,Nan,Nan,Nan,Nan,Nan,Nan,Nan,Nan
140,"Herzliyya, Israel",5.0 ·,5,2,2,1.5,400,4.5,5,5,5,5,5,no,yes,yes
141,"Ramat Hasharon, Tel Aviv District, Israel",4.84 ·,2,1,1,1,238,4.8,4.9,5,4.8,4.6,4.7,no,yes,yes
142,"Herzliya, Tel Aviv District, Israel",4.70 ·,2,1,1,Half-bath,220,4.6,4.9,4.9,4.8,4.7,4.7,no,yes,yes
143,"Herzliya, Tel Aviv District, Israel",Nan,Nan,Nan,Nan,Nan,495,Nan,Nan,Nan,Nan,Nan,Nan,no,yes,yes
144,"Herzliya, Tel Aviv District, Israel",Nan,1,6,6,3.5,960,Nan,Nan,Nan,Nan,Nan,Nan,no,yes,yes
145,"Herzliya, Tel Aviv District, Israel",4.50 ·,1,1,1,1,120,5,5,5,5,4.8,4.2,no,yes,yes
146,"Herzliya, Tel Aviv District, Israel",Nan,2,1,1,3,105,Nan,Nan,Nan,Nan,Nan,Nan,no,yes,yes
147,"Herzliya, Tel Aviv District, Israel",Nan,2,1,1,3,105,Nan,Nan,Nan,Nan,Nan,Nan,no,yes,yes
148,"Herzliya, Tel Aviv District, Israel",Nan,2,1,2,1.5,Nan,Nan,Nan,Nan,Nan,Nan,Nan,no,yes,yes
149,"Kefar Sava, Center District, Israel",4.43 ·,2,1,1,1,300,4.6,4.6,4.7,4.2,4.6,4.6,no,yes,yes
150,"Rishpon, Israel",4.79 ·,3,1,2,1,174,5,4.9,4.9,4.8,4.8,4.7,no,yes,yes
151,"Arsuf, Center District, Israel",Nan,4,2,2,2,"1,097",Nan,Nan,Nan,Nan,Nan,Nan,no,yes,yes
152,"Hod Hasharon, Center District, Israel",4.58 ·,5,2,2,1,400,4.7,4.9,5,4.8,4.8,4.4,no,yes,yes
153,"Herzliya, Tel Aviv District, Israel",5.0 ·,6,4,5,3,"1,326",5,5,5,4.8,5,4.8,yes,yes,yes
154,"Ra'anana, Center District, Israel",4.74 ·,2,1,1,1,"1,000",4.6,4.8,4.8,4.7,4.8,4.7,no,yes,yes
155,"Kfar Saba, Gush dan, Israel",,3,2,3,1.5,286,Nan,Nan,Nan,Nan,Nan,Nan,no,yes,yes
156,"Ra'anana, Center District, Israel",Nan,8,5,9,3,769,Nan,Nan,Nan,Nan,Nan,Nan,no,yes,yes
157,"Hod Hasharon, Center District, Israel",,2,1,1,1,207,Nan,Nan,Nan,Nan,Nan,Nan,no,yes,yes
158,"Herzliya, Tel Aviv District, Israel",5.0 ·,2,1,1,3,135,5,5,5,5,5,4.7,no,yes,yes
159,"Ramat Hasharon, Tel Aviv District, Israel",4.86 ·,2,1,1,1,Nan,4.8,4.9,4.9,4.8,4.9,4.7,no,yes,yes
160,"Arsuf, Center District, Israel",4.79 ·,2,1,1,1,540,4.8,5,5,4.7,4.9,4.8,no,yes,yes
161,"Ra'anana, Center District, Israel",Nan,2,1,1,1,Nan,Nan,Nan,Nan,Nan,Nan,Nan,no,yes,yes
162,"Ra'anana, Center District, Israel",,5,3,4,2,650,Nan,Nan,Nan,Nan,Nan,Nan,no,yes,yes
163,"Herzliya, Tel Aviv District, Israel",4.83 ·,2,1,1,1,200,4.8,5,4.9,4.9,4.8,4.9,no,yes,yes
164,Nan,Nan,Nan,Nan,Nan,Nan,Nan,Nan,Nan,Nan,Nan,Nan,Nan,Nan,Nan,Nan
165,"Ra'anana, Center District, Israel",Nan,5,3,6,3.5,Nan,Nan,Nan,Nan,Nan,Nan,Nan,no,yes,yes
166,Nan,Nan,Nan,Nan,Nan,Nan,Nan,Nan,Nan,Nan,Nan,Nan,Nan,Nan,Nan,Nan
167,Nan,Nan,Nan,Nan,Nan,Nan,Nan,Nan,Nan,Nan,Nan,Nan,Nan,Nan,Nan,Nan
168,"Herzliya, Tel Aviv District, Israel",4.50 ·,4,2,4,1,Nan,Nan,Nan,Nan,Nan,Nan,Nan,Nan,Nan,Nan
169,"Kefar Sava, Center District, Israel",4.89 ·,2,1,2,1,280,4.9,5,5,4.8,5,4.7,no,yes,yes
170,"Ra'anana, Center District, Israel",4.50 ·,2,1,2,1,150,4.7,5,5,4.7,4.8,4.8,no,yes,yes
171,"Hod Hasharon, Center District, Israel",5.0 ·,2,1,1,1,140,4.8,5,5,5,4.8,5,no,yes,yes
172,"Herzliya, Tel Aviv District, Israel",,6,3,4,3,786,Nan,Nan,Nan,Nan,Nan,Nan,no,yes,yes
173,"Hod Hasharon, Center District, Israel",4.66 ·,3,1,1,1,140,4.5,4.9,4.9,4.7,4.7,4.6,no,yes,yes
174,"Ra'anana, Center District, Israel",5.0 ·,2,1,1,1.5,150,5,5,4.9,5,4.9,5,no,yes,yes
175,"Herzliya , Tel Aviv District, Israel",,2,1,1,1,150,Nan,Nan,Nan,Nan,Nan,Nan,no,yes,yes
176,"Herzliyya, Israel",4.74 ·,2,1,1,1,238,4.8,5,4.8,4.7,4.9,4.6,no,yes,yes
177,"Kefar Sava, Center District, Israel",4.38 ·,3,1,1,1,290,4.6,4.9,5,4.2,4.4,4.5,yes,yes,yes
178,"Ra'anana, Center District, Israel",,8,3,3,2,"1,050",Nan,Nan,Nan,Nan,Nan,Nan,no,yes,yes
179,"Ra'anana, Center District, Israel",,8,4,6,3.5,"1,950",Nan,Nan,Nan,Nan,Nan,Nan,no,yes,yes
180,"Ra'anana, Center District, Israel",,8,4,6,3.5,"1,950",Nan,Nan,Nan,Nan,Nan,Nan,no,yes,yes
181,"Herzliya, Tel Aviv District, Israel",4.81 ·,6,2,3,2,800,4.9,4.9,5,4.8,4.7,4.7,no,yes,yes
182,"Herzliya, Tel Aviv District, Israel",Nan,2,1,1,1,359,Nan,Nan,Nan,Nan,Nan,Nan,no,yes,yes
183,"Kefar Sava, Center District, Israel",,1,1,1,1,291,Nan,Nan,Nan,Nan,Nan,Nan,no,yes,yes
184,"Ra'anana, Center District, Israel",4.56 ·,1,1,2,1,270,4.9,4.7,5,4.9,4.7,4.7,no,yes,yes
185,"Ra'anana, Center District, Israel",Nan,4,2,4,1,520,Nan,Nan,Nan,Nan,Nan,Nan,no,yes,yes
186,"Hod Hasharon, Center District, Israel",4.0 ·,2,1,1,1,240,3.7,4.3,4,3.7,4.7,4,no,yes,yes
187,"Herzliyya, Israel",4.93 ·,2,2,1,2,182,4.9,4.9,4.8,4.8,4.9,4.9,no,yes,yes
188,"Ra'anana, Center District, Israel",Nan,8,5,6,3.5,"1,350",Nan,Nan,Nan,Nan,Nan,Nan,no,yes,yes
189,"Hod HaSharon, Hasharon, Israel",,6,3,3,3,"1,383",Nan,Nan,Nan,Nan,Nan,Nan,no,yes,yes
190,"Hod Hasharon, Center District, Israel",4.86 ·,3,1,1,1,120,4.8,5,4.9,4.9,4.8,4.9,no,yes,yes
191,"Kefar Sava, Center District, Israel",4.33 ·,3,1,1,1,301,4.7,4.3,4.7,4.5,4.3,4.3,no,yes,yes
192,"Sde Warburg, Center District, Israel",Nan,5,3,4,3,350,Nan,Nan,Nan,Nan,Nan,Nan,no,yes,yes
193,"Hod Hasharon, Israel",4.33 ·,2,1,1,1.5,280,4.8,4.8,4.8,4.7,4.5,4.3,no,yes,yes
194,"Ra'anana, Center District, Israel",Nan,6,3,6,2,900,Nan,Nan,Nan,Nan,Nan,Nan,no,yes,yes
195,"Ra'anana, Center District, Israel",4.63 ·,6,3,6,1,350,4.7,5,5,4.9,4.9,4.6,no,yes,yes
196,"Hod Hasharon, Center District, Israel",Nan,6,4,4,2.5,500,Nan,Nan,Nan,Nan,Nan,Nan,no,yes,yes
197,"Herzliya, Tel Aviv District, Israel",Nan,2,1,1,1,500,Nan,Nan,Nan,Nan,Nan,Nan,no,yes,yes
198,"Ra'anana, Center District, Israel",4.82 ·,8,4,7,2.5,572,4.8,4.9,4.9,4.9,4.9,4.7,yes,yes,yes
199,"Tzofit, Center District, Israel",,4,2,2,1,600,Nan,Nan,Nan,Nan,Nan,Nan,no,yes,yes
200,"Tzofit, Center District, Israel",,4,2,2,1,600,Nan,Nan,Nan,Nan,Nan,Nan,no,yes,yes
201,"Arsuf, Center District, Israel",Nan,2,2,1,1,477,Nan,Nan,Nan,Nan,Nan,Nan,no,yes,yes
202,"Ra'anana, Center District, Israel",Nan,5,3,4,2.5,"1,000",Nan,Nan,Nan,Nan,Nan,Nan,no,yes,yes
203,"Herzliya, Tel Aviv District, Israel",,1,3,5,2,652,Nan,Nan,Nan,Nan,Nan,Nan,yes,yes,yes
204,"Hod Hasharon, Center District, Israel",5.0 ·,4,1,1,1.5,448,5,5,5,5,5,5,no,yes,yes
205,"Herzliyya, Tel Aviv District, Israel",Nan,2,1,1,1,477,Nan,Nan,Nan,Nan,Nan,Nan,yes,yes,yes
206,"Herzliya, Tel Aviv District, Israel",,4,1,1,1,629,Nan,Nan,Nan,Nan,Nan,Nan,no,yes,yes
207,"Arsuf, Center District, Israel",4.80 ·,1,5,5,4.5,Nan,4.7,4.8,5,4.9,4.9,4.7,no,yes,yes
208,Nan,Nan,Nan,Nan,Nan,Nan,Nan,Nan,Nan,Nan,Nan,Nan,Nan,Nan,Nan,Nan
209,"Herzliya, Tel Aviv District, Israel",,4,1,1,1,500,Nan,Nan,Nan,Nan,Nan,Nan,no,yes,yes
210,"Hod Hasharon, Center District, Israel",Nan,8,3,6,4,"1,440",Nan,Nan,Nan,Nan,Nan,Nan,no,yes,yes
211,"Herzliyya, Israel",4.77 ·,2,1,1,1,269,4.8,4.9,4.9,4.8,4.8,4.8,no,yes,yes
212,"Rishpon, Center District, Israel",4.93 ·,8,3,3,2.5,728,5,5,5,5,4.9,4.9,no,yes,yes
213,"Shefayim, Center District, Israel",Nan,2,3,3,2.5,"2,500",Nan,Nan,Nan,Nan,Nan,Nan,no,yes,yes
214,"Ra'anana, Center District, Israel",Nan,Nan,Nan,Nan,Nan,718,Nan,Nan,Nan,Nan,Nan,Nan,no,yes,yes
215,"Rishpon, Center District, Israel",4.60 ·,2,1,1,1,200,4.3,4.7,4.7,4.6,4.6,4.4,no,yes,yes
216,"Herzliya, Tel Aviv District, Israel",4.71 ·,5,3,5,3,941,4.7,4.9,5,4.6,5,4.4,no,yes,yes
217,"Ra'anana, Israel",5.0 ·,1,6,10,5,"2,210",5,5,5,5,5,4.8,no,yes,yes
218,"Herzliya, Tel Aviv District, Israel",5.0 ·,6,4,4,3,"1,590",4.8,4.9,5,5,4.8,4.9,no,yes,yes
219,"Rishpon, Center District, Israel",4.67 ·,Nan,Nan,Nan,Nan,250,5,5,5,5,4.8,5,no,yes,yes
220,"Kefar Sava, Israel",4.13 ·,4,1,2,1,270,4.2,4.6,4.5,4.6,4.8,4,yes,yes,yes
221,"Herzliya, Tel Aviv District, Israel",Nan,5,3,4,1,"1,409",Nan,Nan,Nan,Nan,Nan,Nan,no,yes,yes
222,"Herzliya, Tel Aviv District, Israel",5.0 ·,1,1,1,1,190,4.4,5,5,5,5,4.9,no,yes,yes
223,"רעננה, מחוז המרכז, Israel",Nan,2,1,2,1.5,576,Nan,Nan,Nan,Nan,Nan,Nan,no,no,yes
224,"Herzliya, Tel Aviv District, Israel",,7,5,6,3,"2,637",Nan,Nan,Nan,Nan,Nan,Nan,no,yes,yes
225,"Rishpon, Center District, Israel",Nan,Nan,Nan,Nan,Nan,203,Nan,Nan,Nan,Nan,Nan,Nan,no,no,yes
226,"Herzliya, Israel",Nan,2,1,1,1,223,Nan,Nan,Nan,Nan,Nan,Nan,no,yes,yes
227,"Bnei Zion, Center District, Israel",5.0 ·,8,6,5,4,"5,414",5,5,5,5,5,5,no,yes,yes
228,"Herzliya, Tel Aviv District, Israel",,2,1,1,1,"2,187",Nan,Nan,Nan,Nan,Nan,Nan,no,yes,yes
229,"Ramat HaSharon, Israel",4.79 ·,6,3,4,2,"1,033",4.7,4.8,4.8,4.9,4.8,4.6,yes,yes,yes
230,"Ra'anana, Center District, Israel",Nan,2,1,1,1,250,Nan,Nan,Nan,Nan,Nan,Nan,no,yes,yes
231,"Kefar Sava, Israel",4.70 ·,2,1,1,1,300,4.7,5,5,4.8,4.9,4.8,yes,yes,yes
232,"Herzliya, Tel Aviv District, Israel",Nan,3,1,2,1,349,Nan,Nan,Nan,Nan,Nan,Nan,no,yes,yes
233,"Ra'anana, Center District, Israel",Nan,6,2,3,2,"1,050",Nan,Nan,Nan,Nan,Nan,Nan,no,yes,yes
234,"Kefar Sava, Center District, Israel",4.40 ·,1,1,1,1,160,4.6,4.8,5,5,5,5,yes,yes,yes
235,"Ra'anana, Center District, Israel",0.0 ·,6,3,3,2.5,850,Nan,Nan,Nan,Nan,Nan,Nan,no,yes,yes
236,"Herzliya, Tel Aviv District, Israel",Nan,6,2,4,1.5,650,Nan,Nan,Nan,Nan,Nan,Nan,no,yes,yes
237,"Herzliya, Israel",,1,6,8,3,"3,070",Nan,Nan,Nan,Nan,Nan,Nan,no,yes,yes
238,"Herzliya, Tel Aviv District, Israel",5.0 ·,6,4,5,2.5,918,5,5,5,5,5,5,yes,yes,yes
239,"Herzliya, Tel Aviv District, Israel",,1,6,6,5,"2,769",Nan,Nan,Nan,Nan,Nan,Nan,no,yes,yes
240,"Herzliya, Tel Aviv District, Israel",,2,1,1,1,400,Nan,Nan,Nan,Nan,Nan,Nan,no,yes,yes
241,"Hod Hasharon, Center District, Israel",,5,2,3,1,509,Nan,Nan,Nan,Nan,Nan,Nan,no,yes,yes
242,"Ra'anana, Center District, Israel",Nan,4,3,4,2,538,Nan,Nan,Nan,Nan,Nan,Nan,no,yes,yes
243,"Herzliya, Tel Aviv District, Israel",5.0 ·,1,5,5,2.5,"5,000",5,5,5,5,5,5,no,yes,yes
244,"Herzliya, Tel Aviv District, Israel",,4,1,1,1.5,650,Nan,Nan,Nan,Nan,Nan,Nan,no,yes,yes
245,"Herzliya, Tel Aviv District, Israel",Nan,6,3,3,2,"2,300",Nan,Nan,Nan,Nan,Nan,Nan,no,yes,yes
246,"Herzliya, Tel Aviv District, Israel",,4,2,2,1,502,Nan,Nan,Nan,Nan,Nan,Nan,no,yes,yes
247,"Herzliya, Tel Aviv District, Israel",4.75 ·,8,4,4,4,"1,876",4.8,5,5,4.6,4.8,4.5,no,yes,yes
248,"Kefar Sava, Israel",,2,1,1,1,223,Nan,Nan,Nan,Nan,Nan,Nan,no,yes,yes
249,"Ra'anana, Center District, Israel",,1,5,5,3,"3,049",Nan,Nan,Nan,Nan,Nan,Nan,no,yes,yes
250,"Arsuf, Center District, Israel",4.72 ·,1,8,9,4.5,"7,129",4.6,4.9,5,4.7,5,4.4,no,yes,yes
251,"Ramot HaShavim, Center District, Israel",4.96 ·,7,3,3,3.5,"1,200",4.9,5,5,5,4.9,4.9,no,yes,yes
252,"Kfar Shmaryahu, Israel",Nan,5,3,4,2,731,Nan,Nan,Nan,Nan,Nan,Nan,no,yes,yes
253,"Herzliya, Tel Aviv District, Israel",Nan,4,3,3,2,223,Nan,Nan,Nan,Nan,Nan,Nan,no,yes,yes
254,"Herzliya, Tel Aviv District, Israel",Nan,5,3,3,2.5,800,Nan,Nan,Nan,Nan,Nan,Nan,yes,yes,yes
255,"Ra'anana, Center District, Israel",5.0 ·,8,6,12,3.5,"4,769",4,5,4.3,4.7,4.7,4.3,no,yes,yes
256,"Herzliya, Tel Aviv District, Israel",,7,3,11,2,664,Nan,Nan,Nan,Nan,Nan,Nan,no,yes,yes
257,"Herzliya, Tel Aviv District, Israel",4.71 ·,8,4,4,4,"2,064",5,5,5,4.7,4.7,4.3,no,yes,yes
258,"Rishpon, Center District, Israel",,2,1,1,1,140,Nan,Nan,Nan,Nan,Nan,Nan,no,no,yes
259,"Herzliya, Tel Aviv District, Israel",Nan,8,4,4,2.5,"1,711",Nan,Nan,Nan,Nan,Nan,Nan,no,yes,yes
260,"Ra'anana, Center District, Israel",,2,1,2,1,302,Nan,Nan,Nan,Nan,Nan,Nan,no,yes,yes
261,"Herzliya, Tel Aviv District, Israel",4.93 ·,1,7,7,5.5,"6,677",4.8,5,5,4.9,4.7,4.8,no,yes,yes
262,"Kefar Sava, Center District, Israel",Nan,6,5,3,2,"2,500",Nan,Nan,Nan,Nan,Nan,Nan,no,yes,yes
263,"Ra'anana, Center District, Israel",Nan,8,4,4,2.5,"2,544",Nan,Nan,Nan,Nan,Nan,Nan,no,yes,yes
264,"Kefar Sava, Center District, Israel",,1,1,1,1,150,Nan,Nan,Nan,Nan,Nan,Nan,no,yes,yes
265,"Rishpon, Center District, Israel",4.80 ·,2,1,1,1,300,4.2,5,4.8,5,4.8,4.8,no,yes,yes
266,"Kefar Sava, Center District, Israel",Nan,4,Studio,1,1,450,Nan,Nan,Nan,Nan,Nan,Nan,no,yes,yes
267,"Herzliya, Tel Aviv District, Israel",4.91 ·,2,1,2,1,300,5,5,5,5,4.9,4.7,no,yes,yes
268,"Herzliya, Tel Aviv District, Israel",,7,3,3,4,993,Nan,Nan,Nan,Nan,Nan,Nan,no,yes,yes
269,"Ra'anana, Center District, Israel",Nan,8,4,4,2,"1,539",Nan,Nan,Nan,Nan,Nan,Nan,no,yes,yes
270,"Ra'anana, Center District, Israel",Nan,6,4,3,3,633,Nan,Nan,Nan,Nan,Nan,Nan,no,no,yes
271,"Kefar Sava, Center District, Israel",,2,2,1,1,300,Nan,Nan,Nan,Nan,Nan,Nan,no,yes,yes
272,"Herzliya, Tel Aviv District, Israel",Nan,1,1,1,1,350,Nan,Nan,Nan,Nan,Nan,Nan,no,yes,yes
273,"Kfar Shmaryahu, Tel Aviv District, Israel",Nan,8,5,4,3.5,"1,345",Nan,Nan,Nan,Nan,Nan,Nan,no,yes,yes
274,"Herzliya, Tel Aviv District, Israel",5.0 ·,6,3,5,1.5,"1,005",4.5,5,5,4.5,5,5,no,yes,yes
275,"Kefar Sava, Center District, Israel",5.0 ·,7,3,5,2,450,5,5,5,5,5,4.8,no,yes,yes
276,"Herzliya, Tel Aviv District, Israel",4.69 ·,1,7,7,5,"3,229",4.8,4.6,4.5,4.5,4.8,4.6,no,yes,yes
277,"Herzliya, Tel Aviv District, Israel",Nan,8,4,5,4,"2,000",Nan,Nan,Nan,Nan,Nan,Nan,no,yes,yes
278,"Herzliyya, Tel Aviv District, Israel",Nan,7,5,5,3,"1,272",Nan,Nan,Nan,Nan,Nan,Nan,no,yes,yes
279,"Ra'anana, Center District, Israel",Nan,1,7,8,4.5,"4,000",Nan,Nan,Nan,Nan,Nan,Nan,no,yes,yes
280,"Ra'anana, Center District, Israel",Nan,8,4,4,2,700,Nan,Nan,Nan,Nan,Nan,Nan,no,yes,yes
281,"Hod Hasharon, Center District, Israel",,6,2,2,2,"1,000",Nan,Nan,Nan,Nan,Nan,Nan,yes,yes,yes
282,"Herzliyya, Tel Aviv District, Israel",Nan,7,5,5,3,"1,272",Nan,Nan,Nan,Nan,Nan,Nan,no,yes,yes
283,"Hod Hasharon, Center District, Israel",Nan,Nan,Nan,Nan,Nan,517,Nan,Nan,Nan,Nan,Nan,Nan,no,yes,yes
284,"Ra'anana, Center District, Israel",Nan,2,1,1,1,550,Nan,Nan,Nan,Nan,Nan,Nan,no,yes,yes
285,"Herzliya, Tel Aviv District, Israel",5.0 ·,1,5,5,4,"1,950",4.8,4.8,5,5,4.8,4.8,no,yes,yes
286,"Ra'anana, Center District, Israel",Nan,2,1,1,1,486,Nan,Nan,Nan,Nan,Nan,Nan,no,yes,yes
287,"Ra'anana, Center District, Israel",Nan,5,5,9,4,"2,544",Nan,Nan,Nan,Nan,Nan,Nan,no,yes,yes
288,"Herzliya, Tel Aviv District, Israel",Nan,4,4,4,7,"9,539",Nan,Nan,Nan,Nan,Nan,Nan,no,yes,yes
289,"Kfar Shmaryahu, Tel Aviv District, Israel",,5,3,4,3,"1,749",Nan,Nan,Nan,Nan,Nan,Nan,no,yes,yes
290,"Kefar Sava, Israel",4.71 ·,8,3,4,2,787,4.9,5,5,5,4.6,4.1,no,yes,yes
291,"Herzliya, Tel Aviv District, Israel",,1,5,10,3,"2,499",Nan,Nan,Nan,Nan,Nan,Nan,no,yes,yes
292,"Herzliya Pituah, Herzliya, Israel",4.71 ·,5,3,3,2.5,950,4.7,4.9,5,4.9,4.8,4.7,no,yes,yes
293,"Herzliya, Tel Aviv District, Israel",4.79 ·,2,1,1,1,514,4.5,5,5,4.9,4.7,4.8,no,yes,yes
294,"Herzliya, Tel Aviv District, Israel",Nan,4,1,2,1,630,Nan,Nan,Nan,Nan,Nan,Nan,no,yes,yes
295,"Ra'anana, Center District, Israel",Nan,Nan,Nan,Nan,Nan,800,Nan,Nan,Nan,Nan,Nan,Nan,no,yes,yes
296,"Herzliya, Tel Aviv District, Israel",4.70 ·,1,7,6,4.5,"2,182",4.5,5,5,4.7,5,4.5,no,yes,yes
297,"Ra'anana, Center District, Israel",Nan,6,3,4,2.5,"1,500",Nan,Nan,Nan,Nan,Nan,Nan,no,yes,yes
298,"Herzliya, Tel Aviv District, Israel",Nan,4,1,2,1.5,850,Nan,Nan,Nan,Nan,Nan,Nan,no,yes,yes
299,"Ra'anana, Center District, Israel",Nan,6,3,6,2,600,Nan,Nan,Nan,Nan,Nan,Nan,no,yes,yes
300,"Hadera, Haifa District, Israel",4.77 ·,2,1,1,1,150,4.8,4.9,4.9,4.9,4.8,4.8,no,yes,yes
301,"Hadera, Haifa District, Israel",4.93 ·,4,1,2,1,246,5,4.9,5,5,4.8,4.9,yes,yes,yes
302,"Hadera, Haifa District, Israel",4.84 ·,5,2,3,1,250,4.9,4.9,4.9,4.9,4.8,4.8,no,yes,yes
303,"Hadera, Haifa District, Israel",4.82 ·,4,1,1,1,290,4.5,5,5,4.8,4.7,4.7,no,yes,yes
304,"Hadera, Haifa District, Israel",4.89 ·,2,1,1,1,273,4.9,5,4.9,4.7,4.8,4.7,no,yes,yes
305,"Hadera, Haifa District, Israel",4.88 ·,5,2,3,1,348,4.9,5,5,5,5,4.8,no,yes,yes
306,"Hadera, Haifa District, Israel",5.0 ·,6,3,3,2,879,5,5,4.9,4.9,5,4.9,no,yes,yes
307,"Hadera, Haifa District, Israel",4.50 ·,4,3,3,2,483,5,5,4.2,4.8,4.2,4.8,no,yes,yes
308,"Hadera, Haifa District, Israel",,5,2,3,1,199,Nan,Nan,Nan,Nan,Nan,Nan,no,yes,yes
309,"Hadera, Haifa District, Israel",4.72 ·,5,2,4,2,351,4.7,4.8,5,4.8,5,4.6,yes,yes,yes
310,"Hadera, Haifa District, Israel",4.67 ·,6,Studio,3,1,280,4.8,4.9,4.9,4.8,4.9,4.8,no,yes,yes
311,"Hadera, Haifa District, Israel",4.96 ·,6,2,4,2,465,4.6,5,5,5,5,5,yes,yes,yes
312,"Hadera, Haifa District, Israel",5.0 ·,6,2,3,1,300,5,4.8,5,4.8,5,4.8,no,no,yes
313,"Hadera, Haifa District, Israel",4.63 ·,2,1,2,1,160,4.8,4.9,5,4.9,4.9,4.8,no,yes,yes
314,"Hadera, Haifa District, Israel",4.68 ·,2,1,1,1,157,4.8,4.7,4.7,4.6,4.6,4.8,no,yes,yes
315,"Hadera, Haifa District, Israel",4.55 ·,3,Studio,2,1,125,4.6,4.7,4.8,4.8,4.8,4.5,no,yes,yes
316,"Hadera, Haifa District, Israel",4.67 ·,2,1,2,1.5,113,4.7,4.6,5,5,4.8,4.9,no,yes,yes
317,"Hadera, Haifa District, Israel",5.0 ·,4,1,4,1,300,4.9,5,4.9,4.9,4.7,4.8,no,yes,yes
318,"Hadera, Haifa District, Israel",5.0 ·,4,2,2,1.5,629,5,4.7,5,5,5,5,no,yes,yes
319,"Hadera, Haifa District, Israel",4.84 ·,6,2,5,1,250,4.9,4.9,4.9,4.8,4.8,4.8,no,yes,yes
320,"Hadera, Haifa District, Israel",4.78 ·,2,1,1,1,170,4.9,4.9,5,4.9,4.8,4.9,no,yes,yes
321,"Hadera, Haifa District, Israel",5.0 ·,4,2,1,3,534,4.9,5,5,5,4.9,5,yes,yes,yes
322,"Hadera, Haifa District, Israel",5.0 ·,4,2,2,1,393,5,5,5,5,5,4.7,yes,yes,yes
323,"Pardes Hanna-Karkur, Haifa District, Israel",4.79 ·,3,1,1,1,318,4.9,5,4.9,4.8,5,4.8,no,yes,yes
324,"Hadera, Israel",4.86 ·,2,2,3,2.5,238,4.7,5,5,5,4.9,5,yes,yes,yes
325,"Pardes Hanna-Karkur, Haifa District, Israel",4.70 ·,2,1,2,2,131,4.7,4.8,4.8,4.7,4.6,4.6,no,yes,yes
326,"Hadera, Haifa District, Israel",,2,1,1,1,350,Nan,Nan,Nan,Nan,Nan,Nan,no,yes,yes
327,"Hadera, Haifa District, Israel",4.61 ·,7,3,3,2,507,4.3,4.7,4.7,4.7,4.6,4.7,no,no,yes
328,"Hadera, Haifa District, Israel",5.0 ·,2,1,1,1,500,4.8,5,5,5,5,5,no,yes,yes
329,"Hadera, Haifa District, Israel",4.0 ·,Nan,Nan,Nan,Nan,200,4.3,4.7,4.7,4.3,4.3,4.3,no,yes,yes
330,"Hadera, Haifa District, Israel",,Nan,Nan,Nan,Nan,238,Nan,Nan,Nan,Nan,Nan,Nan,no,yes,yes
331,"Hadera, Haifa District, Israel",5.0 ·,4,1,1,1,348,4.8,4.8,4.5,4.7,5,4.7,no,yes,yes
332,"Hadera, Haifa District, Israel",5.0 ·,1,5,9,3.5,"1,639",4.8,4.9,5,5,5,4.8,no,yes,yes
333,"Or Akiva, Israel",4.87 ·,8,2,2,1.5,299,4.8,5,5,4.9,4.8,4.8,no,yes,yes
334,"Hofit, Center District, Israel",5.0 ·,2,1,1,1.5,470,4.4,4.4,4.4,4.4,4.4,4.4,no,yes,yes
335,"Hadera, Haifa District, Israel",4.31 ·,6,2,3,1,230,4.3,4.6,4.7,4.7,4.6,4.2,no,yes,yes
336,"Hadera, Haifa District, Israel",5.0 ·,4,2,4,1,310,5,5,5,5,5,5,no,yes,yes
337,"Hadera, Haifa District, Israel",5.0 ·,6,4,4,2.5,914,5,5,5,5,5,4.8,no,yes,yes
338,"Pardes Hana-Karkur, Haifa District, Israel",5.0 ·,5,2,3,1,490,4.9,5,4.9,4.9,4.7,4.9,no,yes,yes
339,"Hadera, Haifa District, Israel",Nan,6,4,3,2,216,Nan,Nan,Nan,Nan,Nan,Nan,no,yes,yes
340,"Hadera, Haifa District, Israel",5.0 ·,4,2,4,1,310,5,5,5,5,5,5,no,yes,yes
341,"Pardes Hanna-Karkur, Haifa District, Israel",5.0 ·,2,1,1,2.5,131,5,5,5,5,5,5,no,yes,yes
342,"Pardes Hana-Karkur, Haifa District, Israel",5.0 ·,5,2,3,1,490,4.9,5,4.9,4.9,4.7,4.9,no,yes,yes
343,"Hadera, Haifa District, Israel",4.75 ·,6,4,4,2,914,5,4.8,5,4.8,5,5,no,yes,yes
344,"Pardes Hanna-Karkur, Haifa District, Israel",4.94 ·,7,3,3,2.5,"1,000",4.9,5,5,5,4.8,4.8,no,yes,yes
345,"Hadera, Haifa District, Israel",4.67 ·,2,1,1,1,444,4.7,5,5,5,5,4.7,no,yes,yes
346,"Caesarea, Israel",4.76 ·,6,2,6,1,407,4.7,4.9,5,4.9,4.8,4.7,yes,yes,yes
347,"Givat Haim meuchad, Israel",4.82 ·,2,1,1,1,122,4.7,4.9,5,4.8,4.8,4.9,no,yes,yes
348,"Pardes Hanna-Karkur, Haifa District, Israel",Nan,3,1,1,1,240,Nan,Nan,Nan,Nan,Nan,Nan,no,yes,yes
349,"Hadera, Haifa District, Israel",5.0 ·,6,3,5,1,538,5,5,5,4.9,5,4.7,yes,yes,yes
350,"Hadera, Haifa District, Israel",,4,2,2,1,550,Nan,Nan,Nan,Nan,Nan,Nan,no,yes,yes
351,"Pardes Hana-Karkur, Haifa District, Israel",4.91 ·,2,1,1,1,300,5,5,5,4.9,4.9,4.9,no,yes,yes
352,"Hadera, Haifa District, Israel",Nan,6,2,2,1,250,Nan,Nan,Nan,Nan,Nan,Nan,no,yes,yes
353,"Beit Yanai, Center District, Israel",5.0 ·,4,2,2,2,450,4.5,5,5,5,5,5,yes,yes,yes
354,"Hadera, Haifa District, Israel",,2,1,1,1.5,240,Nan,Nan,Nan,Nan,Nan,Nan,no,yes,yes
355,"Elyakhin, Center District, Israel",Nan,2,1,1,2,240,Nan,Nan,Nan,Nan,Nan,Nan,no,yes,yes
356,"Caesarea, Haifa District, Israel",4.71 ·,3,1,1,1,450,4.4,4.9,4.7,4.4,4.9,4.7,no,yes,yes
357,"Hadera, Haifa District, Israel",5.0 ·,7,4,6,3,903,5,5,5,5,5,5,no,yes,yes
358,"Pardes Hanna-Karkur, Haifa District, Israel",,3,2,2,1,319,Nan,Nan,Nan,Nan,Nan,Nan,yes,yes,yes
359,"Or Akiva, Haifa District, Israel",4.95 ·,2,1,1,1,144,4.9,4.8,4.7,4.6,5,5,yes,yes,yes
360,"Pardes Hanna-Karkur, Haifa District, Israel",,3,2,2,1,319,Nan,Nan,Nan,Nan,Nan,Nan,yes,yes,yes
361,"Pardes Hanna-Karkur, Haifa District, Israel",4.79 ·,2,1,1,1.5,335,4.8,5,5,4.9,4.9,4.7,yes,yes,yes
362,"Hadera, Haifa District, Israel",,4,2,2,2,600,Nan,Nan,Nan,Nan,Nan,Nan,no,yes,yes
363,"Or Akiva, Haifa District, Israel",4.95 ·,2,1,1,1,144,4.9,4.8,4.7,4.6,5,5,yes,yes,yes
364,"Caesarea, Haifa District, Israel",4.92 ·,4,1,2,1,350,5,5,5,4.9,5,4.9,no,yes,yes
365,"Pardes Hana, Israel",4.78 ·,3,1,1,1,229,4.7,5,4.9,4.8,4.8,4.8,yes,no,yes
366,"Hadera, Haifa District, Israel",Nan,2,1,1,1.5,240,Nan,Nan,Nan,Nan,Nan,Nan,no,yes,yes
367,"Pardes Hanna-Karkur, Haifa District, Israel",Nan,1,1,1,1,132,Nan,Nan,Nan,Nan,Nan,Nan,no,yes,yes
368,"Caesarea, Israel",4.84 ·,2,Studio,1,1,400,4.7,4.9,5,4.9,5,4.7,no,yes,yes
369,"Pardes Hanna-Karkur, Haifa District, Israel",5.0 ·,4,1,3,1.5,280,5,5,5,5,4.9,5,yes,yes,yes
370,"Hadera, Haifa District, Israel",4.65 ·,1,4,6,2,"3,000",4.5,4.8,4.9,4.7,4.6,4.5,no,yes,yes
371,"Hadera, Haifa District, Israel",Nan,2,1,1,1,700,Nan,Nan,Nan,Nan,Nan,Nan,no,yes,yes
372,"Hadera, Haifa District, Israel",Nan,8,3,5,2,"1,028",Nan,Nan,Nan,Nan,Nan,Nan,no,yes,yes
373,"Pardes Hanna-Karkur, Haifa District, Israel",Nan,4,1,3,1,280,Nan,Nan,Nan,Nan,Nan,Nan,no,yes,yes
374,"Hadera, Haifa District, Israel",,2,1,1,1,300,Nan,Nan,Nan,Nan,Nan,Nan,no,yes,yes
375,"Hadera, Haifa District, Israel",4.91 ·,7,3,5,3,"1,005",4.7,5,5,5,5,4.8,no,yes,yes
376,"Hadera, Haifa District, Israel",4.71 ·,8,4,9,3,"3,500",4.9,4.4,4.6,5,5,4.7,no,yes,yes
377,"Pardes Hanna-Karkur, Haifa District, Israel",Nan,6,4,4,2,402,Nan,Nan,Nan,Nan,Nan,Nan,no,yes,yes
378,"Pardes Hanna-Karkur, Haifa District, Israel",4.88 ·,4,2,2,2.5,800,4.8,4.9,5,5,4.8,4.5,no,yes,yes
379,"Hadera, Haifa District, Israel",4.86 ·,8,3,4,2,"1,400",4.3,4.9,4.9,4.9,5,4.4,no,yes,yes
380,"Hadera, Haifa District, Israel",Nan,8,3,8,3,"1,420",Nan,Nan,Nan,Nan,Nan,Nan,yes,yes,yes
381,"Pardes Hanna-Karkur, Haifa District, Israel",Nan,4,2,2,2.5,180,Nan,Nan,Nan,Nan,Nan,Nan,no,no,yes
382,"Pardes Hanna-Karkur, Haifa District, Israel",Nan,6,4,4,2,402,Nan,Nan,Nan,Nan,Nan,Nan,no,yes,yes
383,"Hadera, Haifa District, Israel",Nan,8,3,5,2,"1,233",Nan,Nan,Nan,Nan,Nan,Nan,no,yes,yes
384,"Hadera, Haifa District, Israel",Nan,2,1,1,1,700,Nan,Nan,Nan,Nan,Nan,Nan,no,yes,yes
385,"Hogla, Center District, Israel",4.75 ·,9,4,7,3,800,4.5,5,5,4.5,5,4.5,no,yes,yes
386,"Pardes Hanna-Karkur, Haifa District, Israel",4.80 ·,4,1,1,1.5,240,5,5,5,5,4.2,4.8,no,no,yes
387,"Or Akiva, Haifa District, Israel",5.0 ·,4,1,5,1,399,4.8,5,5,4.9,4.8,5,yes,yes,yes
388,"Pardes Hanna-Karkur, Haifa District, Israel",4.54 ·,9,1,3,1.5,360,4.2,4.8,4.8,4.5,4.7,4.5,no,yes,yes
389,"Hadera, Dr Dan William 13, Israel",4.74 ·,9,4,6,2.5,"1,286",4.5,5,5,4.8,4.7,4.6,no,yes,yes
390,"אור עקיבא, מחוז חיפה, Israel",Nan,6,3,1,2,160,Nan,Nan,Nan,Nan,Nan,Nan,no,no,yes
391,"Caesarea, Haifa District, Israel",4.55 ·,6,2,2,1,233,4.2,4.8,4.9,4.7,4.8,4.7,no,yes,yes
392,"Pardes Hanna-Karkur, Haifa District, Israel",4.93 ·,3,1,1,1,464,4.7,5,5,4.8,4.8,4.8,no,yes,yes
393,"Hadera, Haifa District, Israel",4.25 ·,Nan,Nan,Nan,Nan,300,4.5,4.8,5,4.8,4.8,4.8,yes,yes,yes
394,"Mikhmoret, Israel",5.0 ·,6,3,3,2,700,4,5,5,4.8,5,5,no,yes,yes
395,"Hadera, Haifa District, Israel",,6,4,4,2.5,914,Nan,Nan,Nan,Nan,Nan,Nan,no,yes,yes
396,"Hadera, Haifa District, Israel",4.90 ·,8,3,5,2,"1,914",4.7,4.7,5,4.9,4.7,4.7,no,yes,yes
397,"Pardes Hana-Karkur, Haifa District, Israel",,Nan,Nan,Nan,Nan,240,Nan,Nan,Nan,Nan,Nan,Nan,no,yes,yes
398,"Hogla, Center District, Israel",4.80 ·,5,2,7,1.5,750,4.4,5,4.8,4.8,4.6,4.8,no,yes,yes
399,"GIVAT OLGA (Hadera), Haifa District, Israel",Nan,5,1,3,1,484,Nan,Nan,Nan,Nan,Nan,Nan,no,no,yes
400,"Hadera, Haifa District, Israel",,3,2,2,1,400,Nan,Nan,Nan,Nan,Nan,Nan,no,no,yes
401,"Hadera, Haifa District, Israel",Nan,5,3,2,3,800,Nan,Nan,Nan,Nan,Nan,Nan,no,yes,yes
402,"Hadera, Haifa District, Israel",4.65 ·,6,3,3,1.5,650,4.7,4.8,5,4.7,4.7,4.8,no,yes,yes
403,"Hogla, Center District, Israel",4.80 ·,5,2,7,1.5,750,4.4,5,4.8,4.8,4.6,4.8,no,yes,yes
404,"Mikhmoret, Israel",5.0 ·,6,3,3,2,700,4,5,5,4.8,5,5,no,yes,yes
405,"Hadera, Haifa District, Israel",,8,4,5,2.5,800,Nan,Nan,Nan,Nan,Nan,Nan,no,yes,yes
406,"Or Akiva, Haifa District, Israel",4.80 ·,2,1,1,1.5,116,4.6,4.9,4.8,4.9,4.8,4.9,no,yes,yes
407,"Pardes Hanna-Karkur, Haifa District, Israel",Nan,6,3,4,4.5,750,Nan,Nan,Nan,Nan,Nan,Nan,no,yes,yes
408,"Pardes Hanna-Karkur, Haifa District, Israel",4.80 ·,7,3,4,2,"1,000",4.5,4.9,5,5,4.5,4.9,no,yes,yes
409,"Beit Herut, Center District, Israel",,2,1,2,1,400,Nan,Nan,Nan,Nan,Nan,Nan,no,yes,yes
410,"Caesarea, Haifa District, Israel",4.40 ·,5,2,4,1,693,3.8,4.7,4.8,4.6,4.5,4.5,yes,yes,yes
411,"Hadera, Haifa District, Israel",,2,1,1,1,534,Nan,Nan,Nan,Nan,Nan,Nan,no,yes,yes
412,"Caesarea, Israel",4.86 ·,5,2,3,1,500,4.7,4.9,4.9,5,4.9,4.8,yes,yes,yes
413,"Or Akiva, Haifa District, Israel",,2,1,1,1,327,Nan,Nan,Nan,Nan,Nan,Nan,no,yes,yes
414,"Caesarea, Haifa District, Israel",,6,3,3,2,"1,070",Nan,Nan,Nan,Nan,Nan,Nan,no,yes,yes
415,"Beit Herut, Center District, Israel",5.0 ·,4,1,1,1,761,5,5,5,5,5,5,no,no,yes
416,"Hofit, Center District, Israel",,4,2,4,2,"1,229",Nan,Nan,Nan,Nan,Nan,Nan,no,yes,yes
417,"Hadera, Haifa District, Israel",,2,1,1,1.5,422,Nan,Nan,Nan,Nan,Nan,Nan,no,yes,yes
418,"Hadera, Israel",3.75 ·,5,1,2,1,700,4.7,4.7,4.7,3.7,4.7,4,no,yes,yes
419,"Or Akiva, Haifa District, Israel",Nan,6,3,3,3.5,580,Nan,Nan,Nan,Nan,Nan,Nan,no,yes,yes
420,"Hadera, Haifa District, Israel",Nan,6,3,4,1,750,Nan,Nan,Nan,Nan,Nan,Nan,no,yes,yes
421,"Hogla, Center District, Israel",,8,4,5,3,925,Nan,Nan,Nan,Nan,Nan,Nan,no,yes,yes
422,"Or Akiva, Haifa District, Israel",,2,1,1,1,327,Nan,Nan,Nan,Nan,Nan,Nan,no,yes,yes
423,"Pardes Hanna-Karkur, Haifa District, Israel",4.75 ·,5,2,1,1,232,4.9,5,5,4.9,4.8,4.9,no,yes,yes
424,"קיסריה, מחוז חיפה, Israel",5.0 ·,4,2,2,1,"1,007",5,5,5,5,5,5,yes,yes,yes
425,"Mikhmoret, Center District, Israel",4.67 ·,5,3,3,2,"1,390",4.1,4.8,5,4.5,5,4.4,no,yes,yes
426,"Caesarea, Haifa District, Israel",4.90 ·,4,2,2,1.5,680,5,4.9,5,4.9,5,4.7,no,yes,yes
427,"Hadera, Haifa District, Israel",Nan,4,2,2,2,650,Nan,Nan,Nan,Nan,Nan,Nan,no,yes,yes
428,"Hadera, Haifa District, Israel",Nan,Nan,Nan,Nan,Nan,"2,000",Nan,Nan,Nan,Nan,Nan,Nan,no,yes,yes
429,"Mikhmoret, Center District, Israel",4.67 ·,5,2,2,1,825,4,5,4.7,4.3,5,4,no,yes,yes
430,"Pardes Hanna-Karkur, Haifa District, Israel",,4,2,3,1,359,Nan,Nan,Nan,Nan,Nan,Nan,no,yes,yes
431,"Beit Yanai, Center District, Israel",,6,3,4,1.5,"2,719",Nan,Nan,Nan,Nan,Nan,Nan,no,yes,yes
432,"Pardes Hanna-Karkur, Haifa District, Israel",Nan,2,1,1,1,250,Nan,Nan,Nan,Nan,Nan,Nan,no,no,yes
433,"Pardes Hanna-Karkur, Haifa District, Israel",Nan,6,3,3,2.5,576,Nan,Nan,Nan,Nan,Nan,Nan,no,yes,yes
434,"Pardes Hanna-Karkur, Haifa District, Israel",5.0 ·,1,6,6,3,"1,050",5,5,5,5,4.7,5,no,yes,yes
435,"Caesarea, Haifa District, Israel",4.93 ·,4,2,4,1,859,5,5,5,4.9,4.9,4.9,no,no,yes
436,"Hadera, Israel",Nan,2,1,1,1,250,Nan,Nan,Nan,Nan,Nan,Nan,no,yes,yes
437,"Hadera, Haifa District, Israel",Nan,6,3,2,2,450,Nan,Nan,Nan,Nan,Nan,Nan,no,yes,yes
438,"Caesarea, Haifa District, Israel",5.0 ·,3,2,2,1,350,5,5,5,5,5,5,no,yes,yes
439,"Hadera, Israel",Nan,6,3,1,0,477,Nan,Nan,Nan,Nan,Nan,Nan,no,yes,yes
440,"Kfar Vitkin, Center District, Israel",,5,3,4,2.5,985,Nan,Nan,Nan,Nan,Nan,Nan,no,yes,yes
441,"Pardes Hanna-Karkur, Haifa District, Israel",5.0 ·,1,6,6,3,"1,050",5,5,5,5,4.7,5,no,yes,yes
442,"Hadera, Haifa District, Israel",Nan,2,1,1,1,108,Nan,Nan,Nan,Nan,Nan,Nan,no,no,yes
443,"Pardes Hanna-Karkur, Haifa District, Israel",5.0 ·,1,5,7,4,"4,000",5,5,5,5,4.9,5,no,yes,yes
444,"Beit Herut, Center District, Israel",,4,1,2,1.5,325,Nan,Nan,Nan,Nan,Nan,Nan,no,no,yes
445,"Hadera, Israel",Nan,6,3,1,0,477,Nan,Nan,Nan,Nan,Nan,Nan,no,yes,yes
446,"Pardes Hanna-Karkur, Haifa District, Israel",5.0 ·,7,4,6,3,"1,300",4.9,4.9,4.9,4.8,4.8,5,no,yes,yes
447,"Caesarea , Caesarea District, Israel",5.0 ·,8,3,4,2,"2,257",4.9,5,4.9,4.9,5,4.6,no,yes,yes
448,"Pardes Hanna-Karkur, Haifa District, Israel",4.67 ·,5,3,5,2,880,4.7,4.9,4.9,4.6,4.8,4.4,yes,yes,yes
449,"Hadera, Haifa District, Israel",4.67 ·,2,1,4,1,"1,000",4.7,4.7,4.7,4.7,4,4.7,no,yes,yes
450,"Hadera, Haifa District, Israel",4.71 ·,2,1,1,1.5,150,4.1,5,5,4.9,4.6,4.7,no,yes,yes
451,"קיסריה, מחוז חיפה, Israel",,5,2,2,1,"1,150",Nan,Nan,Nan,Nan,Nan,Nan,no,yes,yes
452,"קיסריה, מחוז חיפה, Israel",4.72 ·,6,2,3,1,"1,160",5,4.7,4.9,4.9,4.9,4.7,yes,yes,yes
453,"Pardes Hanna-Karkur, Haifa District, Israel",Nan,6,3,2,2.5,800,Nan,Nan,Nan,Nan,Nan,Nan,no,no,yes
454,"Caesarea, Haifa District, Israel",,3,2,2,1,501,Nan,Nan,Nan,Nan,Nan,Nan,no,yes,yes
455,"Mikhmoret, Center District, Israel",,6,2,5,2,450,Nan,Nan,Nan,Nan,Nan,Nan,no,yes,yes
456,"Hadera, Haifa District, Israel",5.0 ·,5,4,5,2,850,5,5,5,5,5,4.8,no,yes,yes
457,"Hadera, Haifa District, Israel",Nan,4,2,2,1,450,Nan,Nan,Nan,Nan,Nan,Nan,yes,no,yes
458,"Hadera, Haifa District, Israel",4.47 ·,6,2,2,1,"1,457",4.9,5,4.7,4.6,4.6,4.8,no,yes,yes
459,"Mikhmoret, Israel",Nan,6,2,6,2,"1,000",Nan,Nan,Nan,Nan,Nan,Nan,no,yes,yes
460,"Mikhmoret, Center District, Israel",5.0 ·,6,3,4,2.5,"1,590",4.6,5,5,5,5,4,no,yes,yes
461,"Kfar Vitkin, Center District, Israel",5.0 ·,6,3,3,2,"2,385",4.5,5,5,5,5,5,no,yes,yes
462,"Caesarea, Haifa District, Israel",4.96 ·,4,1,3,1.5,556,4.9,5,5,5,4.9,4.9,no,yes,yes
463,"Beit Yanai, Center District, Israel",,4,3,2,2,"2,719",Nan,Nan,Nan,Nan,Nan,Nan,no,yes,yes
464,"Or Akiva, Haifa District, Israel",,4,2,2,2,"1,000",Nan,Nan,Nan,Nan,Nan,Nan,no,yes,yes
465,"Hadera, Haifa District, Israel",Nan,8,3,4,2,"1,523",Nan,Nan,Nan,Nan,Nan,Nan,no,yes,yes
466,"Hadera, Haifa District, Israel",Nan,4,2,2,1,500,Nan,Nan,Nan,Nan,Nan,Nan,no,yes,yes
467,"Hadera, Haifa District, Israel",Nan,2,1,1,1,450,Nan,Nan,Nan,Nan,Nan,Nan,yes,no,yes
468,"Hadera, Haifa District, Israel",Nan,6,3,4,3,800,Nan,Nan,Nan,Nan,Nan,Nan,no,no,yes
469,"Ein Iron, Haifa District, Israel",,6,2,3,1.5,500,Nan,Nan,Nan,Nan,Nan,Nan,yes,yes,yes
470,"Caesarea, Israel",4.81 ·,5,2,3,1,950,4.8,5,5,4.8,5,4.7,no,yes,yes
471,"Beit Yanai, Center District, Israel",Nan,5,2,4,2,"2,500",Nan,Nan,Nan,Nan,Nan,Nan,no,yes,yes
472,"Pardes Hanna-Karkur, Haifa District, Israel",4.44 ·,3,2,1,2.5,824,3.7,4.4,4.4,4.2,4.3,4.3,no,yes,yes
473,"Pardes Hanna-Karkur, Haifa District, Israel",Nan,2,2,2,1,490,Nan,Nan,Nan,Nan,Nan,Nan,no,yes,yes
474,"Caesarea, Haifa District, Israel",5.0 ·,4,2,2,3,"1,800",5,4.8,5,5,5,5,no,yes,yes
475,"Pardes Hanna-Karkur, Haifa District, Israel",Nan,2,1,1,1,500,Nan,Nan,Nan,Nan,Nan,Nan,no,yes,yes
476,"Pardes Hanna-Karkur, Haifa District, Israel",4.67 ·,3,Studio,4,1,707,4.7,5,5,5,4.7,4.7,no,yes,yes
477,"Gan HaShomron, Haifa District, Israel",,2,2,1,1,450,Nan,Nan,Nan,Nan,Nan,Nan,no,yes,yes
478,"Mikhmoret, Center District, Israel",,6,3,4,2,"2,300",Nan,Nan,Nan,Nan,Nan,Nan,yes,yes,yes
479,"Caesarea, Israel",4.37 ·,4,2,2,1,463,4.2,4.9,4.8,4.4,4.7,4.5,yes,yes,yes
480,"Hadera, Haifa District, Israel",Nan,2,2,2,2,270,Nan,Nan,Nan,Nan,Nan,Nan,no,no,yes
481,"Beit Herut, Center District, Israel",Nan,4,1,2,1,727,Nan,Nan,Nan,Nan,Nan,Nan,no,no,yes
482,"Pardes Hanna-Karkur, Haifa District, Israel",Nan,1,1,1,1,200,Nan,Nan,Nan,Nan,Nan,Nan,no,yes,yes
483,"Pardes Hanna-Karkur, Haifa District, Israel",Nan,2,1,1,1,70,Nan,Nan,Nan,Nan,Nan,Nan,no,yes,yes
484,"Pardes Hana-Karkur, Haifa District, Israel",Nan,Nan,Nan,Nan,Nan,250,Nan,Nan,Nan,Nan,Nan,Nan,no,yes,yes
485,"Pardes Hanna-Karkur, Haifa District, Israel",Nan,Nan,Nan,Nan,Nan,223,Nan,Nan,Nan,Nan,Nan,Nan,no,yes,yes
486,"Caesarea, Haifa District, Israel",3.89 ·,4,2,2,1,397,3.7,4.9,4.8,4.4,5,4.1,no,yes,yes
487,"Caesarea, Haifa District, Israel",Nan,1,4,8,3,"10,200",Nan,Nan,Nan,Nan,Nan,Nan,no,yes,yes
488,"Pardes Hanna-Karkur, Haifa District, Israel",Nan,Nan,Nan,Nan,Nan,970,Nan,Nan,Nan,Nan,Nan,Nan,no,yes,yes
489,"חדרה, מחוז חיפה, Israel",4.71 ·,9,4,6,2,"1,200",4.4,5,5,4.9,4.9,4.8,no,yes,yes
490,"Pardes Hanna-Karkur, Haifa District, Israel",3.71 ·,6,2,2,1,770,4,4.6,4,4,4.1,3.6,no,yes,yes
491,"Kfar Vitkin, Center District, Israel",5.0 ·,4,2,4,1,954,4.9,5,5,5,5,4.9,no,yes,yes
492,"Pardes Hanna-Karkur, Haifa District, Israel",4.64 ·,1,3,5,2,"1,150",4.9,4.6,5,4.8,4.7,4.5,no,yes,yes
493,"Pardes Hanna-Karkur, Haifa District, Israel",Nan,5,4,4,2,600,Nan,Nan,Nan,Nan,Nan,Nan,no,yes,yes
494,"Hadera, Haifa District, Israel",,6,2,3,2,700,Nan,Nan,Nan,Nan,Nan,Nan,no,yes,yes
495,"Caesarea, Haifa District, Israel",4.93 ·,5,2,2,1,"1,443",4.9,5,5,4.9,5,4.8,no,yes,yes
496,"Caesarea, Haifa District, Israel",Nan,2,1,2,1.5,500,Nan,Nan,Nan,Nan,Nan,Nan,no,yes,yes
497,"Caesarea, Haifa District, Israel",4.65 ·,4,2,3,2,500,4.3,4.9,4.9,4.9,5,4.4,yes,yes,yes
498,"Pardes Hanna-Karkur, Haifa District, Israel",Nan,6,4,8,1.5,"1,586",Nan,Nan,Nan,Nan,Nan,Nan,no,yes,yes
499,"Caesarea, Haifa District, Israel",Nan,8,4,5,2,"2,385",Nan,Nan,Nan,Nan,Nan,Nan,no,yes,yes
500,"Hadera, Haifa District, Israel",,7,4,5,2.5,"1,557",Nan,Nan,Nan,Nan,Nan,Nan,no,yes,yes
501,"Pardes Hanna-Karkur, Haifa District, Israel",,7,4,10,3,"1,350",Nan,Nan,Nan,Nan,Nan,Nan,no,yes,yes
502,"Beit Yanai, Center District, Israel",5.0 ·,5,2,2,2,"4,680",4.7,4.7,4.9,5,5,5,no,yes,yes
503,"Caesarea, Haifa District, Israel",4.89 ·,1,5,6,5.5,"2,347",4.9,4.9,5,4.9,4.8,4.7,no,yes,yes
504,"Hadera, Haifa District, Israel",Nan,6,3,3,3,"1,000",Nan,Nan,Nan,Nan,Nan,Nan,no,yes,yes
505,"Caesarea, Haifa District, Israel",5.0 ·,5,2,4,Half-bath,929,5,5,5,4.7,5,5,no,yes,yes
506,"Hadera, Haifa District, Israel",Nan,6,4,4,4,"1,000",Nan,Nan,Nan,Nan,Nan,Nan,no,yes,yes
507,"Caesarea, Haifa District, Israel",Nan,1,5,5,4,"7,917",Nan,Nan,Nan,Nan,Nan,Nan,no,yes,yes
508,"Talmei Elazar, Haifa District, Israel",Nan,8,3,9,2.5,"1,000",Nan,Nan,Nan,Nan,Nan,Nan,no,yes,yes
509,"Hadera, Haifa District, Israel",5.0 ·,1,1,1,1,185,5,5,5,5,5,5,no,yes,yes
510,"Caesarea, Haifa District, Israel",5.0 ·,6,2,2,1.5,857,5,5,5,5,5,5,no,yes,yes
511,"Hadera, Haifa District, Israel",Nan,8,4,8,2.5,"1,257",Nan,Nan,Nan,Nan,Nan,Nan,no,yes,yes
512,"Pardes Hanna-Karkur, Haifa District, Israel",4.88 ·,7,3,3,2.5,"1,200",4.9,5,5,4.5,4.8,4.8,no,yes,yes
513,"Caesarea, Israel, Israel",5.0 ·,4,2,2,1,800,4,5,4,5,5,5,no,yes,yes
514,"Caesarea, Haifa District, Israel",,2,1,3,1.5,693,Nan,Nan,Nan,Nan,Nan,Nan,no,yes,yes
515,"Hadera, Haifa District, Israel",Nan,6,2,2,1,450,Nan,Nan,Nan,Nan,Nan,Nan,no,yes,yes
516,"Pardes Hana-Karkur, Haifa District, Israel",Nan,Nan,Nan,Nan,Nan,279,Nan,Nan,Nan,Nan,Nan,Nan,yes,yes,yes
517,"Beit Yanai, Center District, Israel",Nan,2,1,2,1,500,Nan,Nan,Nan,Nan,Nan,Nan,no,yes,yes
518,"Hofit, Center District, Israel",,6,4,4,3.5,"4,500",Nan,Nan,Nan,Nan,Nan,Nan,no,yes,yes
519,"Kfar Pines, Haifa District, Israel",5.0 ·,5,1,2,1,585,4.4,4.9,5,4.9,4.9,4.9,no,no,yes
520,"Caesarea, Haifa District, Israel",,6,2,6,2,"1,700",Nan,Nan,Nan,Nan,Nan,Nan,no,yes,yes
521,"Pardes Hanna-Karkur, Haifa District, Israel",Nan,1,1,1,1,100,Nan,Nan,Nan,Nan,Nan,Nan,no,yes,yes
522,"Herev La'et, Tel Aviv District, Israel",,8,4,4,4.5,"10,200",Nan,Nan,Nan,Nan,Nan,Nan,no,yes,yes
523,"Pardes Hanna-Karkur, Haifa District, Israel",Nan,8,3,4,3.5,"2,100",Nan,Nan,Nan,Nan,Nan,Nan,no,yes,yes
524,"כפר ויתקין, מחוז המרכז, Israel",Nan,6,6,3,3,"1,500",Nan,Nan,Nan,Nan,Nan,Nan,no,no,yes
525,"Caesarea, Haifa District, Israel",Nan,5,2,2,2,"1,600",Nan,Nan,Nan,Nan,Nan,Nan,no,yes,yes
526,"Caesarea, Israel",4.63 ·,6,2,3,1,"1,243",4.8,4.9,4.8,4.7,4.8,4.6,yes,yes,yes
527,"Hofit, Center District, Israel",Nan,6,3,6,2.5,"1,200",Nan,Nan,Nan,Nan,Nan,Nan,no,yes,yes
528,"Or Akiva, Haifa District, Israel",Nan,4,2,2,3,450,Nan,Nan,Nan,Nan,Nan,Nan,no,yes,yes
529,"HaMa'apil, Center District, Israel",Nan,8,4,4,2,"1,600",Nan,Nan,Nan,Nan,Nan,Nan,no,yes,yes
530,"Caesarea, Haifa District, Israel",4.64 ·,6,2,6,1,"1,252",4.5,4.7,4.7,4.5,4.7,4.3,yes,yes,yes
531,"Hadera, Haifa District, Israel",,Nan,Nan,Nan,Nan,"1,200",Nan,Nan,Nan,Nan,Nan,Nan,no,yes,yes
532,"Hogla, emek Hefer, Israel",4.72 ·,1,4,7,2.5,"3,150",3.8,4.9,5,4.7,4.9,4.5,no,yes,yes
533,"Hofit, Center District, Israel",,1,1,1,1,190,Nan,Nan,Nan,Nan,Nan,Nan,no,yes,yes
534,"Caesarea, Haifa District, Israel",,4,1,1,1,929,Nan,Nan,Nan,Nan,Nan,Nan,no,yes,yes
535,"Caesarea, Haifa District, Israel",4.74 ·,6,2,3,1,"1,004",4.9,4.7,4.7,4.8,4.9,4.4,yes,yes,yes
536,"Pardes Hanna-Karkur, Haifa District, Israel",Nan,2,2,2,2,650,Nan,Nan,Nan,Nan,Nan,Nan,no,yes,yes
537,"Or Akiva, Haifa District, Israel",5.0 ·,1,4,8,4.5,"2,000",4.7,4.7,5,5,5,4.7,no,yes,yes
538,"Beit Herut, Center District, Israel",,1,4,4,2.5,"1,555",Nan,Nan,Nan,Nan,Nan,Nan,no,yes,yes
539,"Herev Le'et, Center District, Israel",Nan,6,3,3,3,650,Nan,Nan,Nan,Nan,Nan,Nan,no,yes,yes
540,"Pardes Hanna-Karkur, Haifa District, Israel",4.80 ·,1,5,5,2.5,990,4.6,5,5,5,4.8,5,no,yes,yes
541,"Caesarea, Haifa District, Israel",4.40 ·,5,2,3,1,857,4.4,5,4.8,4.6,5,4.2,no,yes,yes
542,"Hadera, Haifa District, Israel",3.67 ·,5,2,3,2.5,951,3.7,4,3,3.7,3,3,no,yes,yes
543,"Ein Iron, Haifa District, Israel",Nan,1,1,1,1,207,Nan,Nan,Nan,Nan,Nan,Nan,no,yes,yes
544,"Caesarea, Haifa District, Israel",,1,5,6,4.5,"6,429",Nan,Nan,Nan,Nan,Nan,Nan,no,yes,yes
545,"Pardes Hanna-Karkur, Haifa District, Israel",4.67 ·,1,1,1,1.5,557,4.4,4.8,5,4.9,4.5,4.8,yes,yes,yes
546,"Pardes Hanna-Karkur, Haifa District, Israel",5.0 ·,2,1,2,1.5,694,5,5,5,4.8,4.2,4.8,yes,yes,yes
547,"Pardes Hanna-Karkur, Haifa District, Israel",5.0 ·,6,5,6,2.5,"3,800",4.7,5,5,4.3,5,4.3,no,yes,yes
548,"Caesarea, Haifa District, Israel",Nan,1,4,4,3.5,"6,999",Nan,Nan,Nan,Nan,Nan,Nan,no,yes,yes
549,"Caesarea, Haifa District, Israel",Nan,4,1,2,1.5,990,Nan,Nan,Nan,Nan,Nan,Nan,no,yes,yes
550,"Pardes Hana-Karkur, Haifa District, Israel",Nan,4,1,2,1,414,Nan,Nan,Nan,Nan,Nan,Nan,no,yes,yes
551,"Beit Herut, Center District, Israel",Nan,6,4,6,3,"5,000",Nan,Nan,Nan,Nan,Nan,Nan,no,yes,yes
552,"Pardes Hanna-Karkur, Haifa District, Israel",,1,1,1,1,500,Nan,Nan,Nan,Nan,Nan,Nan,yes,yes,yes
553,"Caesarea, Israel",4.50 ·,4,2,2,1,736,4.1,4.6,4.7,4.8,4.8,4.5,no,yes,yes
554,"Hadera, Haifa District, Israel",,1,6,4,6,"6,000",Nan,Nan,Nan,Nan,Nan,Nan,no,yes,yes
555,"Caesarea, Haifa District, Israel",5.0 ·,1,6,9,3.5,"6,000",5,4.7,5,4,4.7,4.3,no,yes,yes
556,"Caesarea, Haifa District, Israel",Nan,1,5,5,5,"12,800",Nan,Nan,Nan,Nan,Nan,Nan,no,yes,yes
557,"Hadera, Haifa District, Israel",Nan,6,2,6,1,700,Nan,Nan,Nan,Nan,Nan,Nan,no,no,yes
558,"Pardes Hana-Karkur, Haifa District, Israel",Nan,2,1,2,1,287,Nan,Nan,Nan,Nan,Nan,Nan,no,yes,yes
559,"Caesarea, Haifa District, Israel",5.0 ·,2,1,2,1,850,5,4.8,5,5,5,5,no,yes,yes
560,"Hadera, Haifa District, Israel",Nan,7,3,5,2,"2,700",Nan,Nan,Nan,Nan,Nan,Nan,no,yes,yes
561,"Caesarea, Israel",5.0 ·,6,2,3,1.5,"1,500",4.7,5,5,4.9,5,4.9,no,yes,yes
562,"Pardes Hanna-Karkur, Israel",Nan,4,3,3,1,365,Nan,Nan,Nan,Nan,Nan,Nan,no,yes,yes
563,"Caesarea, Haifa District, Israel",Nan,1,5,5,3.5,"2,500",Nan,Nan,Nan,Nan,Nan,Nan,no,yes,yes
564,"Hadera, Haifa District, Israel",,6,3,6,3,"1,900",Nan,Nan,Nan,Nan,Nan,Nan,no,yes,yes
565,"Caesarea, Haifa District, Israel",5.0 ·,1,7,6,5,"10,811",4.7,4.7,4.7,4.7,5,4.7,no,yes,yes
566,"Or Akiva, Haifa District, Israel",Nan,4,2,2,2,"1,000",Nan,Nan,Nan,Nan,Nan,Nan,no,yes,yes
567,"Pardes Hanna-Karkur, Haifa District, Israel",Nan,1,4,4,2,"1,700",Nan,Nan,Nan,Nan,Nan,Nan,no,yes,yes
568,"Or Akiva, Haifa District, Israel",Nan,1,4,3,1,"5,057",Nan,Nan,Nan,Nan,Nan,Nan,no,yes,yes
569,"Pardes Hanna-Karkur, Haifa District, Israel",,2,1,1,1,300,Nan,Nan,Nan,Nan,Nan,Nan,no,yes,yes
570,"Caesarea, Haifa District, Israel",Nan,1,5,8,5,"6,000",Nan,Nan,Nan,Nan,Nan,Nan,no,yes,yes
571,"Pardes Hanna-Karkur, Haifa District, Israel",Nan,7,3,3,2.5,"1,250",Nan,Nan,Nan,Nan,Nan,Nan,no,yes,yes
572,"Pardes Hanna-Karkur, Haifa District, Israel",3.40 ·,6,3,3,1.5,350,4,5,4.4,3.8,4,3.6,no,yes,yes
573,"Pardes Hanna-Karkur, Haifa District, Israel",Nan,1,4,6,3,"4,600",Nan,Nan,Nan,Nan,Nan,Nan,no,yes,yes
574,"Caesarea, Haifa District, Israel",,5,2,3,1,"1,200",Nan,Nan,Nan,Nan,Nan,Nan,no,yes,yes
575,"קיסריה, Israel",Nan,1,6,9,4.5,"8,280",Nan,Nan,Nan,Nan,Nan,Nan,yes,yes,yes
576,"Maor, Haifa District, Israel",4.80 ·,1,1,5,1,386,4.8,5,5,4.8,5,4.8,no,no,yes
577,"Caesarea, Haifa District, Israel",Nan,1,6,6,6,"26,073",Nan,Nan,Nan,Nan,Nan,Nan,no,yes,yes
578,"Pardes Hanna-Karkur, Haifa District, Israel",Nan,4,3,4,2.5,"2,500",Nan,Nan,Nan,Nan,Nan,Nan,no,yes,yes
579,"Caesarea, Haifa District, Israel",,4,1,1,1.5,550,Nan,Nan,Nan,Nan,Nan,Nan,no,yes,yes
580,"Hadera, Haifa District, Israel",Nan,1,7,10,4.5,"6,500",Nan,Nan,Nan,Nan,Nan,Nan,no,yes,yes
581,"Caesarea, Haifa District, Israel",Nan,1,5,8,3.5,"6,150",Nan,Nan,Nan,Nan,Nan,Nan,no,yes,yes
582,"Caesarea, Haifa District, Israel",Nan,6,3,3,1,"4,800",Nan,Nan,Nan,Nan,Nan,Nan,yes,no,yes
583,"Maor, Haifa District, Israel",Nan,3,1,2,1,323,Nan,Nan,Nan,Nan,Nan,Nan,no,yes,yes
584,"Mikhmoret, Israel",Nan,8,3,4,2,"1,800",Nan,Nan,Nan,Nan,Nan,Nan,no,yes,yes
585,"קיסריה, מחוז חיפה, Israel",Nan,1,7,8,10,"9,610",Nan,Nan,Nan,Nan,Nan,Nan,no,yes,yes
586,"Tel Aviv-Yafo, Tel Aviv District, Israel",Nan,4,1,2,1,"2,000",Nan,Nan,Nan,Nan,Nan,Nan,no,yes,yes
587,"Caesarea, Haifa District, Israel",,4,2,3,1,"1,007",Nan,Nan,Nan,Nan,Nan,Nan,no,yes,yes
588,"Hadera, Haifa District, Israel",Nan,1,4,4,3,"6,000",Nan,Nan,Nan,Nan,Nan,Nan,no,yes,yes
589,"Caesarea, Haifa District, Israel",,1,5,5,5,"5,723",Nan,Nan,Nan,Nan,Nan,Nan,no,yes,yes
590,"קיסריה, מחוז חיפה, Israel",4.33 ·,1,5,6,4.5,"8,251",4.3,4.3,4.7,5,4.3,3.7,no,yes,yes
591,"Caesarea, Haifa District, Israel",Nan,4,2,2,2,"3,143",Nan,Nan,Nan,Nan,Nan,Nan,no,yes,yes
592,"Caesarea, Haifa District, Israel",,1,6,6,6,"9,539",Nan,Nan,Nan,Nan,Nan,Nan,no,yes,yes
593,"Kfar Vitkin, Center District, Israel",Nan,6,5,5,2,"4,500",Nan,Nan,Nan,Nan,Nan,Nan,no,yes,yes
594,"Pardes Hana-Karkur, Haifa District, Israel",,8,4,9,1.5,"1,057",Nan,Nan,Nan,Nan,Nan,Nan,no,yes,yes
595,"Hadera, Haifa District, Israel",Nan,1,3,3,2,"4,500",Nan,Nan,Nan,Nan,Nan,Nan,yes,yes,yes
596,"Pardes Hanna-Karkur, Israel",,4,4,6,2,900,Nan,Nan,Nan,Nan,Nan,Nan,no,yes,yes
597,"Elyashiv, Center District, Israel",Nan,6,3,4,2,850,Nan,Nan,Nan,Nan,Nan,Nan,no,yes,yes
598,"Caesarea, Haifa District, Israel",Nan,1,6,6,6,"8,000",Nan,Nan,Nan,Nan,Nan,Nan,yes,yes,yes
599,"Caesarea, Haifa District, Israel",,4,2,2,1,"1,208",Nan,Nan,Nan,Nan,Nan,Nan,no,yes,yes
